Register Value,Player Name,Salary in $,Season Start,Season End,Team,Full Team Name
10717,A.J. Hammons,650000,2016,2017,DAL,Dallas Mavericks
10718,Aaron Brooks,2700000,2016,2017,IND,Indiana Pacers
10719,Aaron Gordon,4351320,2016,2017,ORL,Orlando Magic
10720,Aaron Gray,452059,2016,2017,DET,Detroit Pistons
10721,Aaron Harrison,375579,2016,2017,CHA,Charlotte Hornets
10722,Adreian Payne,2022240,2016,2017,MIN,Minnesota Timberwolves
10723,Al Horford,26540100,2016,2017,BOS,Boston Celtic
10724,Al Jefferson,10230179,2016,2017,IND,Indiana Pacers
10725,Alan Anderson,1315448,2016,2017,LAC,Los Angeles Clippers
10726,Alan Williams,874636,2016,2017,PHO,Phoenix Suns
10727,Alec Burks,10154495,2016,2017,UTA,Utah Jazz
10728,Alex Abrines,5994764,2016,2017,OKC,Oklahoma City Thunder
10729,Alex Caruso,50000,2016,2017,OKC,Oklahoma City Thunder
10730,Alex Len,4823621,2016,2017,PHO,Phoenix Suns
10731,Alex Poythress,38903,2016,2017,PHI,Philadelphia 76ers
10732,Alex Poythress,35381,2016,2017,IND,Indiana Pacers
10733,Alexis Ajinca,4600000,2016,2017,NOH,New Orleans Pelicans
10734,Al-Farouq Aminu,7680965,2016,2017,POR,Portland Trail Blazers
10735,Allen Crabbe,18500000,2016,2017,POR,Portland Trail Blazers
10736,Alonzo Gee,1400000,2016,2017,NOH,New Orleans Pelicans
10737,Alonzo Gee,495227,2016,2017,DEN,Denver Nuggets
10738,Amir Johnson,12000000,2016,2017,BOS,Boston Celtic
10739,Anderson Varejao,1984005,2016,2017,POR,Portland Trail Blazers
10740,Anderson Varejao,1551659,2016,2017,GSW,Golden State Warriors
10741,Andre Drummond,22116750,2016,2017,DET,Detroit Pistons
10742,Andre Iguodala,11131368,2016,2017,GSW,Golden State Warriors
10743,Andre Roberson,2183072,2016,2017,OKC,Oklahoma City Thunder
10744,Andrea Bargnani,323599,2016,2017,NJN,Brooklyn Nets
10745,Andrew Bogut,11027027,2016,2017,PHI,Philadelphia 76ers
10746,Andrew Bogut,242224,2016,2017,CLE,Cleveland Caveliers
10747,Andrew Harrison,945000,2016,2017,MEM,Memphis Grizzlies
10748,Andrew Nicholson,6088993,2016,2017,NJN,Brooklyn Nets
10749,Andrew Wiggins,6006600,2016,2017,MIN,Minnesota Timberwolves
10750,Anthony Bennett,1015696,2016,2017,NJN,Brooklyn Nets
10751,Anthony Brown,874636,2016,2017,LAL,Los Angeles Lakers
10752,Anthony Brown,108043,2016,2017,NOH,New Orleans Pelicans
10753,Anthony Brown,51449,2016,2017,ORL,Orlando Magic
10754,Anthony Davis,22116750,2016,2017,NOH,New Orleans Pelicans
10755,Anthony Morrow,3488000,2016,2017,CHI,Chicago Bulls
10756,Anthony Tolliver,8000000,2016,2017,SAC,Sacramento Kings
10757,Archie Goodwin,2094089,2016,2017,PHO,Phoenix Suns
10758,Archie Goodwin,194494,2016,2017,NJN,Brooklyn Nets
10759,Archie Goodwin,95600,2016,2017,NOH,New Orleans Pelicans
10760,Arinze Onuaku,440078,2016,2017,ORL,Orlando Magic
10761,Aron Baynes,6500000,2016,2017,DET,Detroit Pistons
10762,Arron Afflalo,12500000,2016,2017,SAC,Sacramento Kings
10763,Austin Rivers,11000000,2016,2017,LAC,Los Angeles Clippers
10764,Avery Bradley,8269663,2016,2017,BOS,Boston Celtic
10765,Axel Toupane,51449,2016,2017,MIL,Milwaukee Bucks
10766,Axel Toupane,20580,2016,2017,NOH,New Orleans Pelicans
10767,Beau Beech,45000,2016,2017,NJN,Brooklyn Nets
10768,Ben Bentil,250000,2016,2017,BOS,Boston Celtic
10769,Ben Bentil,50000,2016,2017,IND,Indiana Pacers
10770,Ben Bentil,31969,2016,2017,DAL,Dallas Mavericks
10771,Ben McLemore,4008882,2016,2017,SAC,Sacramento Kings
10772,Ben Simmons,5903160,2016,2017,PHI,Philadelphia 76ers
10773,Beno Udrih,1551659,2016,2017,DET,Detroit Pistons
10774,Bismack Biyombo,17000000,2016,2017,ORL,Orlando Magic
10775,Blake Griffin,20140838,2016,2017,LAC,Los Angeles Clippers
10776,Boban Marjanovic,7000000,2016,2017,DET,Detroit Pistons
10777,Bobby Brown,934293,2016,2017,HOU,Houston Rockets
10778,Bobby Portis,1453680,2016,2017,CHI,Chicago Bulls
10779,Bojan Bogdanovic,3730653,2016,2017,WAS,Washington Wizards
10780,Boris Diaw,7000000,2016,2017,UTA,Utah Jazz
10781,Bradley Beal,22116750,2016,2017,WAS,Washington Wizards
10782,Brady Heslip,56500,2016,2017,TOR,Toronto Raptors 
10783,Brandan Wright,5700000,2016,2017,MEM,Memphis Grizzlies
10784,Brandon Bass,1551659,2016,2017,LAC,Los Angeles Clippers
10785,Brandon Ingram,5281680,2016,2017,LAL,Los Angeles Lakers
10786,Brandon Jennings,4837318,2016,2017,NYK,New York Knicks
10787,Brandon Jennings,1200000,2016,2017,WAS,Washington Wizards
10788,Brandon Knight,12606250,2016,2017,PHO,Phoenix Suns
10789,Brandon Paul,155000,2016,2017,PHI,Philadelphia 76ers
10790,Brandon Rush,3500000,2016,2017,MIN,Minnesota Timberwolves
10791,Brian Roberts,1050961,2016,2017,CHA,Charlotte Hornets
10792,Briante Weber,328000,2016,2017,MIA,Miami Heat
10793,Briante Weber,231521,2016,2017,CHA,Charlotte Hornets
10794,Briante Weber,102898,2016,2017,GSW,Golden State Warriors
10795,Brice Johnson,1273920,2016,2017,LAC,Los Angeles Clippers
10796,Brook Lopez,21165675,2016,2017,NJN,Brooklyn Nets
10797,Bruno Caboclo,1589640,2016,2017,TOR,Toronto Raptors 
10798,Bryn Forbes,543471,2016,2017,SAS,San Antonio Spurs
10799,Buddy Hield,3517200,2016,2017,SAC,Sacramento Kings
10800,C.J. McCollum,3219579,2016,2017,POR,Portland Trail Blazers
10801,C.J. Miles,4583450,2016,2017,IND,Indiana Pacers
10802,C.J. Watson,5000000,2016,2017,ORL,Orlando Magic
10803,C.J. Wilcox,1209680,2016,2017,ORL,Orlando Magic
10804,Cameron Jones,50000,2016,2017,GSW,Golden State Warriors
10805,Cameron Payne,2112480,2016,2017,CHI,Chicago Bulls
10806,Caris LeVert,1562280,2016,2017,NJN,Brooklyn Nets
10807,Carl Landry,6500000,2016,2017,PHI,Philadelphia 76ers
10808,Carlos Delfino,650000,2016,2017,LAC,Los Angeles Clippers
10809,Carmelo Anthony,24559380,2016,2017,NYK,New York Knicks
10810,Caron Butler,517220,2016,2017,SAC,Sacramento Kings
10811,Cat Barber,50000,2016,2017,PHI,Philadelphia 76ers
10812,Chandler Parsons,22116750,2016,2017,MEM,Memphis Grizzlies
10813,Channing Frye,7806971,2016,2017,CLE,Cleveland Caveliers
10814,Chasson Randle,297311,2016,2017,PHI,Philadelphia 76ers
10815,Chasson Randle,243860,2016,2017,NYK,New York Knicks
10816,Cheick Diallo,543471,2016,2017,NOH,New Orleans Pelicans
10817,Chinanu Onuaku,543471,2016,2017,HOU,Houston Rockets
10818,Chris Andersen,1551659,2016,2017,CHA,Charlotte Hornets
10819,Chris Bosh,23741060,2016,2017,MIA,Miami Heat
10820,Chris McCullough,1191480,2016,2017,WAS,Washington Wizards
10821,Chris Paul,22868827,2016,2017,LAC,Los Angeles Clippers
10822,Chris Wright,100000,2016,2017,OKC,Oklahoma City Thunder
10823,Christian Wood,874636,2016,2017,CHA,Charlotte Hornets
10824,Cliff Alexander,51449,2016,2017,NJN,Brooklyn Nets
10825,Clint Capela,1296240,2016,2017,HOU,Houston Rockets
10826,Cody Zeller,5318313,2016,2017,CHA,Charlotte Hornets
10827,Cole Aldrich,7643979,2016,2017,MIN,Minnesota Timberwolves
10828,Corey Brewer,7600000,2016,2017,LAL,Los Angeles Lakers
10829,Cory Joseph,7330000,2016,2017,TOR,Toronto Raptors 
10830,Courtney Lee,11242000,2016,2017,NYK,New York Knicks
10831,Cristiano Felicio,874636,2016,2017,CHI,Chicago Bulls
10832,D.J. Augustin,7250000,2016,2017,ORL,Orlando Magic
10833,D.J. Kennedy,50000,2016,2017,DEN,Denver Nuggets
10834,D.J. Stephens,35000,2016,2017,MEM,Memphis Grizzlies
10835,D\'Angelo Russell,5332800,2016,2017,LAL,Los Angeles Lakers
10836,Dahntay Jones,24022,2016,2017,CLE,Cleveland Caveliers
10837,Damian Jones,1171560,2016,2017,GSW,Golden State Warriors
10838,Damian Lillard,24328425,2016,2017,POR,Portland Trail Blazers
10839,Damion Lee,50000,2016,2017,BOS,Boston Celtic
10840,Damjan Rudez,980431,2016,2017,ORL,Orlando Magic
10841,Daniel Ochefu,543471,2016,2017,WAS,Washington Wizards
10842,Danilo Gallinari,15050000,2016,2017,DEN,Denver Nuggets
10843,Danny Green,10000000,2016,2017,SAS,San Antonio Spurs
10844,Dante Cunningham,2978250,2016,2017,NOH,New Orleans Pelicans
10845,Dante Exum,3940320,2016,2017,UTA,Utah Jazz
10846,Danuel House,543471,2016,2017,WAS,Washington Wizards
10847,Dario Saric,2318280,2016,2017,PHI,Philadelphia 76ers
10848,Darrell Arthur,8070175,2016,2017,DEN,Denver Nuggets
10849,Darren Collison,5229454,2016,2017,SAC,Sacramento Kings
10850,Darrun Hilliard,874636,2016,2017,DET,Detroit Pistons
10851,David Lee,1551659,2016,2017,SAS,San Antonio Spurs
10852,David Nwaba,137466,2016,2017,LAL,Los Angeles Lakers
10853,David West,1551659,2016,2017,GSW,Golden State Warriors
10854,Davis Bertans,543471,2016,2017,SAS,San Antonio Spurs
10855,DeAndre Jordan,21165675,2016,2017,LAC,Los Angeles Clippers
10856,DeAndre Liggins,1015696,2016,2017,DAL,Dallas Mavericks
10857,DeAndre\' Bembry,1499760,2016,2017,ATL,Atlanta Hawks
10858,Dejounte Murray,1180080,2016,2017,SAS,San Antonio Spurs
10859,Delon Wright,1577280,2016,2017,TOR,Toronto Raptors 
10860,DeMar DeRozan,26540100,2016,2017,TOR,Toronto Raptors 
10861,DeMarcus Cousins,16957900,2016,2017,NOH,New Orleans Pelicans
10862,DeMarre Carroll,14200000,2016,2017,TOR,Toronto Raptors 
10863,Demetrius Jackson,1450000,2016,2017,BOS,Boston Celtic
10864,Dennis Schroder,2708582,2016,2017,ATL,Atlanta Hawks
10865,Denzel Valentine,2092200,2016,2017,CHI,Chicago Bulls
10866,Deron Williams,9000000,2016,2017,DAL,Dallas Mavericks
10867,Deron Williams,5500000,2016,2017,NJN,Brooklyn Nets
10868,Deron Williams,259626,2016,2017,CLE,Cleveland Caveliers
10869,Derrick Favors,11050000,2016,2017,UTA,Utah Jazz
10870,Derrick Jones,543471,2016,2017,PHO,Phoenix Suns
10871,Derrick Rose,21323250,2016,2017,NYK,New York Knicks
10872,Derrick Williams,4598000,2016,2017,MIA,Miami Heat
10873,Derrick Williams,402043,2016,2017,CLE,Cleveland Caveliers
10874,Devin Booker,2223600,2016,2017,PHO,Phoenix Suns
10875,Devin Harris,4228000,2016,2017,DAL,Dallas Mavericks
10876,Dewayne Dedmon,2898000,2016,2017,SAS,San Antonio Spurs
10877,Deyonta Davis,1369229,2016,2017,MEM,Memphis Grizzlies
10878,Diamond Stone,543471,2016,2017,LAC,Los Angeles Clippers
10879,Dion Waiters,2898000,2016,2017,MIA,Miami Heat
10880,Dionte Christmas,50000,2016,2017,PHI,Philadelphia 76ers
10881,Dirk Nowitzki,25000000,2016,2017,DAL,Dallas Mavericks
10882,Domantas Sabonis,2440200,2016,2017,OKC,Oklahoma City Thunder
10883,Donatas Motiejunas,576724,2016,2017,NOH,New Orleans Pelicans
10884,Dorian Finney-Smith,543471,2016,2017,DAL,Dallas Mavericks
10885,Doug McDermott,2483040,2016,2017,OKC,Oklahoma City Thunder
10886,Dragan Bender,4276320,2016,2017,PHO,Phoenix Suns
10887,Draymond Green,15330435,2016,2017,GSW,Golden State Warriors
10888,Dwight Howard,23180275,2016,2017,ATL,Atlanta Hawks
10889,Dwight Powell,8375000,2016,2017,DAL,Dallas Mavericks
10890,Dwyane Wade,23200000,2016,2017,CHI,Chicago Bulls
10891,E.J. Singler,50000,2016,2017,TOR,Toronto Raptors 
10892,E\'Twaun Moore,8081363,2016,2017,NOH,New Orleans Pelicans
10893,Ed Davis,6666667,2016,2017,POR,Portland Trail Blazers
10894,Edy Tavares,1000000,2016,2017,ATL,Atlanta Hawks
10895,Edy Tavares,5145,2016,2017,CLE,Cleveland Caveliers
10896,Egidijus Mockevicius,100000,2016,2017,NJN,Brooklyn Nets
10897,Elfrid Payton,2613600,2016,2017,ORL,Orlando Magic
10898,Elgin Cook,50000,2016,2017,GSW,Golden State Warriors
10899,Elijah Millsap,23069,2016,2017,PHO,Phoenix Suns
10900,Elliot Williams,250000,2016,2017,GSW,Golden State Warriors
10901,Elton Brand,1000000,2016,2017,PHI,Philadelphia 76ers
10902,Emmanuel Mudiay,3241800,2016,2017,DEN,Denver Nuggets
10903,Enes Kanter,17145838,2016,2017,OKC,Oklahoma City Thunder
10904,Eric Bledsoe,14000000,2016,2017,PHO,Phoenix Suns
10905,Eric Gordon,12385364,2016,2017,HOU,Houston Rockets
10906,Ersan Ilyasova,8400000,2016,2017,ATL,Atlanta Hawks
10907,Evan Fournier,17000000,2016,2017,ORL,Orlando Magic
10908,Evan Turner,16393443,2016,2017,POR,Portland Trail Blazers
10909,Festus Ezeli,7400000,2016,2017,POR,Portland Trail Blazers
10910,Frank Kaminsky,2730000,2016,2017,CHA,Charlotte Hornets
10911,Fred VanVleet,543471,2016,2017,TOR,Toronto Raptors 
10912,Gal Mekel,315760,2016,2017,DAL,Dallas Mavericks
10913,Garrett Temple,8000000,2016,2017,SAC,Sacramento Kings
10914,Gary Harris,1655880,2016,2017,DEN,Denver Nuggets
10915,Gary Neal,72193,2016,2017,ATL,Atlanta Hawks
10916,Gary Payton,543471,2016,2017,HOU,Houston Rockets
10917,Gary Payton,35166,2016,2017,MIL,Milwaukee Bucks
10918,George Hill,8000000,2016,2017,UTA,Utah Jazz
10919,Georges Niang,650000,2016,2017,IND,Indiana Pacers
10920,Georgios Papagiannis,2202240,2016,2017,SAC,Sacramento Kings
10921,Gerald Green,1410598,2016,2017,BOS,Boston Celtic
10922,Gerald Henderson,9000000,2016,2017,PHI,Philadelphia 76ers
10923,Giannis Antetokounmpo,2995421,2016,2017,MIL,Milwaukee Bucks
10924,Glenn Robinson,1050500,2016,2017,IND,Indiana Pacers
10925,Goran Dragic,15890000,2016,2017,MIA,Miami Heat
10926,Gordon Hayward,16073140,2016,2017,UTA,Utah Jazz
10927,Gorgui Dieng,2348783,2016,2017,MIN,Minnesota Timberwolves
10928,Greg Monroe,17100000,2016,2017,MIL,Milwaukee Bucks
10929,Greivis Vasquez,4347826,2016,2017,NJN,Brooklyn Nets
10930,Harrison Barnes,22116750,2016,2017,DAL,Dallas Mavericks
10931,Hassan Whiteside,22116750,2016,2017,MIA,Miami Heat
10932,Henry Ellenson,1704120,2016,2017,DET,Detroit Pistons
10933,Henry Sims,75000,2016,2017,UTA,Utah Jazz
10934,Hollis Thompson,442126,2016,2017,PHI,Philadelphia 76ers
10935,Hollis Thompson,119494,2016,2017,NOH,New Orleans Pelicans
10936,Ian Clark,1015696,2016,2017,GSW,Golden State Warriors
10937,Ian Mahinmi,15944154,2016,2017,WAS,Washington Wizards
10938,Iman Shumpert,9700000,2016,2017,CLE,Cleveland Caveliers
10939,Isaiah Canaan,1015696,2016,2017,CHI,Chicago Bulls
10940,Isaiah Cousins,100000,2016,2017,SAC,Sacramento Kings
10941,Isaiah Taylor,305000,2016,2017,HOU,Houston Rockets
10942,Isaiah Thomas,6587132,2016,2017,BOS,Boston Celtic
10943,Isaiah Whitehead,1074145,2016,2017,NJN,Brooklyn Nets
10944,Ish Smith,6000000,2016,2017,DET,Detroit Pistons
10945,Ivica Zubac,1034956,2016,2017,LAL,Los Angeles Lakers
10946,J.J. Barea,4096950,2016,2017,DAL,Dallas Mavericks
10947,J.J. Redick,7377500,2016,2017,LAC,Los Angeles Clippers
10948,J.P. Tokoto,100000,2016,2017,NYK,New York Knicks
10949,J.R. Smith,12800000,2016,2017,CLE,Cleveland Caveliers
10950,Jabari Parker,5374320,2016,2017,MIL,Milwaukee Bucks
10951,Jae Crowder,6286408,2016,2017,BOS,Boston Celtic
10952,Jahlil Okafor,4788840,2016,2017,PHI,Philadelphia 76ers
10953,Jake Layman,600000,2016,2017,POR,Portland Trail Blazers
10954,Jakob Poeltl,2703960,2016,2017,TOR,Toronto Raptors 
10955,Jalen Jones,25000,2016,2017,BOS,Boston Celtic
10956,Jamal Crawford,13253012,2016,2017,LAC,Los Angeles Clippers
10957,Jamal Murray,3210840,2016,2017,DEN,Denver Nuggets
10958,Jameel Warney,20000,2016,2017,DAL,Dallas Mavericks
10959,Jameer Nelson,4540525,2016,2017,DEN,Denver Nuggets
10960,James Ennis,2898000,2016,2017,MEM,Memphis Grizzlies
10961,James Harden,26540100,2016,2017,HOU,Houston Rockets
10962,James Johnson,4000000,2016,2017,MIA,Miami Heat
10963,James Jones,1551659,2016,2017,CLE,Cleveland Caveliers
10964,James Michael McAdoo,980431,2016,2017,GSW,Golden State Warriors
10965,James Webb,65000,2016,2017,PHI,Philadelphia 76ers
10966,James Young,1825200,2016,2017,BOS,Boston Celtic
10967,JaMychal Green,980431,2016,2017,MEM,Memphis Grizzlies
10968,Jared Dudley,10470000,2016,2017,PHO,Phoenix Suns
10969,Jared Sullinger,5628000,2016,2017,PHO,Phoenix Suns
10970,Jarell Eddie,175000,2016,2017,WAS,Washington Wizards
10971,Jarell Eddie,102898,2016,2017,PHO,Phoenix Suns
10972,Jarell Martin,1286160,2016,2017,MEM,Memphis Grizzlies
10973,Jarnell Stokes,150000,2016,2017,DEN,Denver Nuggets
10974,Jarrett Jack,1551659,2016,2017,ATL,Atlanta Hawks
10975,Jarrett Jack,500000,2016,2017,NJN,Brooklyn Nets
10976,Jarrett Jack,91274,2016,2017,NOH,New Orleans Pelicans
10977,Jarrod Uthoff,63938,2016,2017,DAL,Dallas Mavericks
10978,Jarrod Uthoff,50000,2016,2017,TOR,Toronto Raptors 
10979,Jason Smith,5000000,2016,2017,WAS,Washington Wizards
10980,Jason Terry,1551659,2016,2017,MIL,Milwaukee Bucks
10981,Jason Thompson,945126,2016,2017,GSW,Golden State Warriors
10982,JaVale McGee,1403611,2016,2017,GSW,Golden State Warriors
10983,Jaylen Brown,4743000,2016,2017,BOS,Boston Celtic
10984,Jeff Green,15000000,2016,2017,ORL,Orlando Magic
10985,Jeff Teague,8800000,2016,2017,IND,Indiana Pacers
10986,Jeff Withey,1015696,2016,2017,UTA,Utah Jazz
10987,Jerami Grant,980431,2016,2017,OKC,Oklahoma City Thunder
10988,Jeremy Evans,1227286,2016,2017,IND,Indiana Pacers
10989,Jeremy Lamb,6511628,2016,2017,CHA,Charlotte Hornets
10990,Jeremy Lin,11483254,2016,2017,NJN,Brooklyn Nets
10991,Jerian Grant,1643040,2016,2017,CHI,Chicago Bulls
10992,Jerryd Bayless,9424084,2016,2017,PHI,Philadelphia 76ers
10993,Jimmy Butler,17552209,2016,2017,CHI,Chicago Bulls
10994,Joakim Noah,17000000,2016,2017,NYK,New York Knicks
10995,Jodie Meeks,6540000,2016,2017,ORL,Orlando Magic
10996,Joe Harris,980431,2016,2017,NJN,Brooklyn Nets
10997,Joe Ingles,2250000,2016,2017,UTA,Utah Jazz
10998,Joe Johnson,11000000,2016,2017,UTA,Utah Jazz
10999,Joe Young,1052342,2016,2017,IND,Indiana Pacers
11000,Joel Anthony,663810,2016,2017,SAS,San Antonio Spurs
11001,Joel Bolomboy,600000,2016,2017,UTA,Utah Jazz
11002,Joel Embiid,4826160,2016,2017,PHI,Philadelphia 76ers
11003,Joffrey Lauvergne,1709720,2016,2017,CHI,Chicago Bulls
11004,John Henson,12517606,2016,2017,MIL,Milwaukee Bucks
11005,John Jenkins,469841,2016,2017,PHO,Phoenix Suns
11006,John Lucas III,635753,2016,2017,MIN,Minnesota Timberwolves
11007,John Wall,16957900,2016,2017,WAS,Washington Wizards
11008,Johnny O\'Bryant,276827,2016,2017,CHA,Charlotte Hornets
11009,Johnny O\'Bryant,115344,2016,2017,DEN,Denver Nuggets
11010,Jon Leuer,10991957,2016,2017,DET,Detroit Pistons
11011,Jonas Jerebko,5000000,2016,2017,BOS,Boston Celtic
11012,Jonas Valanciunas,14382022,2016,2017,TOR,Toronto Raptors 
11013,Jonathan Gibson,680937,2016,2017,DAL,Dallas Mavericks
11014,Jonathon Simmons,874636,2016,2017,SAS,San Antonio Spurs
11015,Jordan Adams,1465080,2016,2017,MEM,Memphis Grizzlies
11016,Jordan Clarkson,12500000,2016,2017,LAL,Los Angeles Lakers
11017,Jordan Crawford,234915,2016,2017,NOH,New Orleans Pelicans
11018,Jordan Farmar,510921,2016,2017,LAC,Los Angeles Clippers
11019,Jordan Farmar,82979,2016,2017,SAC,Sacramento Kings
11020,Jordan Hill,3911380,2016,2017,MIN,Minnesota Timberwolves
11021,Jordan McRae,874636,2016,2017,CLE,Cleveland Caveliers
11022,Jordan Mickey,1223653,2016,2017,BOS,Boston Celtic
11023,Jose Calderon,7708427,2016,2017,LAL,Los Angeles Lakers
11024,Jose Calderon,392478,2016,2017,ATL,Atlanta Hawks
11025,Josh Huestis,1191480,2016,2017,OKC,Oklahoma City Thunder
11026,Josh McRoberts,5782450,2016,2017,MIA,Miami Heat
11027,Josh Richardson,874636,2016,2017,MIA,Miami Heat
11028,Josh Smith,5400000,2016,2017,DET,Detroit Pistons
11029,Jrue Holiday,11286518,2016,2017,NOH,New Orleans Pelicans
11030,Juan Hernangomez,1987440,2016,2017,DEN,Denver Nuggets
11031,Julius Randle,3267120,2016,2017,LAL,Los Angeles Lakers
11032,Julyan Stone,50000,2016,2017,IND,Indiana Pacers
11033,Justin Anderson,1514160,2016,2017,PHI,Philadelphia 76ers
11034,Justin Hamilton,3000000,2016,2017,NJN,Brooklyn Nets
11035,Justin Harper,57672,2016,2017,PHI,Philadelphia 76ers
11036,Justin Holiday,1015696,2016,2017,NYK,New York Knicks
11037,Justise Winslow,2593440,2016,2017,MIA,Miami Heat
11038,Jusuf Nurkic,1921320,2016,2017,POR,Portland Trail Blazers
11039,K.J. McDaniels,3333333,2016,2017,NJN,Brooklyn Nets
11040,Kaleb Tarczewski,75000,2016,2017,OKC,Oklahoma City Thunder
11041,Karl-Anthony Towns,5960160,2016,2017,MIN,Minnesota Timberwolves
11042,Kawhi Leonard,17638063,2016,2017,SAS,San Antonio Spurs
11043,Kay Felder,543471,2016,2017,CLE,Cleveland Caveliers
11044,Keith Benson,75000,2016,2017,MIA,Miami Heat
11045,Kelly Olynyk,3094014,2016,2017,BOS,Boston Celtic
11046,Kelly Oubre,2006640,2016,2017,WAS,Washington Wizards
11047,Kemba Walker,12000000,2016,2017,CHA,Charlotte Hornets
11048,Kenneth Faried,12078652,2016,2017,DEN,Denver Nuggets
11049,Kent Bazemore,15730338,2016,2017,ATL,Atlanta Hawks
11050,Kentavious Caldwell-Pope,3678319,2016,2017,DET,Detroit Pistons
11051,Kevin Durant,26540100,2016,2017,GSW,Golden State Warriors
11052,Kevin Garnett,8000000,2016,2017,MIN,Minnesota Timberwolves
11053,Kevin Love,21165675,2016,2017,CLE,Cleveland Caveliers
11054,Kevin Martin,1360305,2016,2017,MIN,Minnesota Timberwolves
11055,Kevin Seraphin,1800000,2016,2017,IND,Indiana Pacers
11056,Kevon Looney,1182840,2016,2017,GSW,Golden State Warriors
11057,Khris Middleton,15200000,2016,2017,MIL,Milwaukee Bucks
11058,Klay Thompson,16663575,2016,2017,GSW,Golden State Warriors
11059,Kosta Koufos,8046500,2016,2017,SAC,Sacramento Kings
11060,Kris Dunn,3872520,2016,2017,MIN,Minnesota Timberwolves
11061,Kris Humphries,4000000,2016,2017,ATL,Atlanta Hawks
11062,Kristaps Porzingis,4317720,2016,2017,NYK,New York Knicks
11063,Kyle Anderson,1192080,2016,2017,SAS,San Antonio Spurs
11064,Kyle Collinsworth,70000,2016,2017,DAL,Dallas Mavericks
11065,Kyle Korver,5239437,2016,2017,CLE,Cleveland Caveliers
11066,Kyle Lowry,12000000,2016,2017,TOR,Toronto Raptors 
11067,Kyle O\'Quinn,3900000,2016,2017,NYK,New York Knicks
11068,Kyle Singler,4837500,2016,2017,OKC,Oklahoma City Thunder
11069,Kyrie Irving,17638063,2016,2017,CLE,Cleveland Caveliers
11070,Lamar Patterson,128623,2016,2017,ATL,Atlanta Hawks
11071,Lamar Patterson,100000,2016,2017,SAC,Sacramento Kings
11072,LaMarcus Aldridge,20575005,2016,2017,SAS,San Antonio Spurs
11073,Lance Stephenson,4000000,2016,2017,IND,Indiana Pacers
11074,Lance Stephenson,1227286,2016,2017,NOH,New Orleans Pelicans
11075,Lance Stephenson,144386,2016,2017,MIN,Minnesota Timberwolves
11076,Lance Thomas,6191000,2016,2017,NYK,New York Knicks
11077,Langston Galloway,5200000,2016,2017,SAC,Sacramento Kings
11078,Larry Nance Jr.,1207680,2016,2017,LAL,Los Angeles Lakers
11079,Larry Sanders,1865547,2016,2017,MIL,Milwaukee Bucks
11080,Larry Sanders,207722,2016,2017,CLE,Cleveland Caveliers
11081,Lavoy Allen,4000000,2016,2017,IND,Indiana Pacers
11082,Leandro Barbosa,4000000,2016,2017,PHO,Phoenix Suns
11083,LeBron James,30963450,2016,2017,CLE,Cleveland Caveliers
11084,Livio Jean-Charles,1188840,2016,2017,SAS,San Antonio Spurs
11085,Lou Amundson,1551659,2016,2017,NYK,New York Knicks
11086,Lou Williams,7000000,2016,2017,HOU,Houston Rockets
11087,Luc Mbah a Moute,2203000,2016,2017,LAC,Los Angeles Clippers
11088,Lucas Nogueira,1921320,2016,2017,TOR,Toronto Raptors 
11089,Luis Scola,5000000,2016,2017,NJN,Brooklyn Nets
11090,Luke Babbitt,1227000,2016,2017,MIA,Miami Heat
11091,Luol Deng,18000000,2016,2017,LAL,Los Angeles Lakers
11092,Malachi Richardson,1439880,2016,2017,SAC,Sacramento Kings
11093,Malcolm Brogdon,925000,2016,2017,MIL,Milwaukee Bucks
11094,Malcolm Delaney,2500000,2016,2017,ATL,Atlanta Hawks
11095,Malik Beasley,1627320,2016,2017,DEN,Denver Nuggets
11096,Manny Harris,119494,2016,2017,DAL,Dallas Mavericks
11097,Manu Ginobili,14000000,2016,2017,SAS,San Antonio Spurs
11098,Marc Gasol,21165675,2016,2017,MEM,Memphis Grizzlies
11099,Marcelo Huertas,1500000,2016,2017,HOU,Houston Rockets
11100,Marcin Gortat,12000000,2016,2017,WAS,Washington Wizards
11101,Marco Belinelli,6333333,2016,2017,CHA,Charlotte Hornets
11102,Marcus Georges-Hunt,31969,2016,2017,MIA,Miami Heat
11103,Marcus Georges-Hunt,31969,2016,2017,ORL,Orlando Magic
11104,Marcus Georges-Hunt,25000,2016,2017,BOS,Boston Celtic
11105,Marcus Morris,4625000,2016,2017,DET,Detroit Pistons
11106,Marcus Paige,125000,2016,2017,UTA,Utah Jazz
11107,Marcus Smart,3578880,2016,2017,BOS,Boston Celtic
11108,Marcus Thornton,1315448,2016,2017,NJN,Brooklyn Nets
11109,Mario Hezonja,3909840,2016,2017,ORL,Orlando Magic
11110,Markieff Morris,7400000,2016,2017,WAS,Washington Wizards
11111,Marquese Chriss,2941440,2016,2017,PHO,Phoenix Suns
11112,Marreese Speights,1403611,2016,2017,LAC,Los Angeles Clippers
11113,Marshall Plumlee,543471,2016,2017,NYK,New York Knicks
11114,Martell Webster,830000,2016,2017,WAS,Washington Wizards
11115,Marvin Williams,12250000,2016,2017,CHA,Charlotte Hornets
11116,Mason Plumlee,2328530,2016,2017,DEN,Denver Nuggets
11117,Matt Barnes,6125000,2016,2017,SAC,Sacramento Kings
11118,Matt Barnes,383351,2016,2017,GSW,Golden State Warriors
11119,Matt Costello,50000,2016,2017,ATL,Atlanta Hawks
11120,Matt Costello,31500,2016,2017,MEM,Memphis Grizzlies
11121,Matthew Dellavedova,9607500,2016,2017,MIL,Milwaukee Bucks
11122,Maurice Harkless,8988764,2016,2017,POR,Portland Trail Blazers
11123,Maurice Ndour,543471,2016,2017,NYK,New York Knicks
11124,Maurice Ndour,437318,2016,2017,DAL,Dallas Mavericks
11125,Metta World Peace,1551659,2016,2017,LAL,Los Angeles Lakers
11126,Meyers Leonard,9213484,2016,2017,POR,Portland Trail Blazers
11127,Michael Beasley,1403611,2016,2017,MIL,Milwaukee Bucks
11128,Michael Beasley,777777,2016,2017,PHO,Phoenix Suns
11129,Michael Carter-Williams,3183526,2016,2017,CHI,Chicago Bulls
11130,Michael Gbinije,650000,2016,2017,DET,Detroit Pistons
11131,Michael Kidd-Gilchrist,13000000,2016,2017,CHA,Charlotte Hornets
11132,Mike Conley,26540100,2016,2017,MEM,Memphis Grizzlies
11133,Mike Dunleavy,4837500,2016,2017,ATL,Atlanta Hawks
11134,Mike Miller,3500000,2016,2017,DEN,Denver Nuggets
11135,Mike Muscala,1015696,2016,2017,ATL,Atlanta Hawks
11136,Mike Scott,3333334,2016,2017,PHO,Phoenix Suns
11137,Mike Tobey,138938,2016,2017,CHA,Charlotte Hornets
11138,Miles Plumlee,12500000,2016,2017,MIL,Milwaukee Bucks
11139,Mindaugas Kuzminskas,2898000,2016,2017,NYK,New York Knicks
11140,Miroslav Raduljica,300000,2016,2017,LAC,Los Angeles Clippers
11141,Mirza Teletovic,10500000,2016,2017,MIL,Milwaukee Bucks
11142,Mitch McGary,1526040,2016,2017,OKC,Oklahoma City Thunder
11143,Mo Williams,2200000,2016,2017,DEN,Denver Nuggets
11144,Monta Ellis,10770000,2016,2017,IND,Indiana Pacers
11145,Montrezl Harrell,1045000,2016,2017,HOU,Houston Rockets
11146,Myles Turner,2463840,2016,2017,IND,Indiana Pacers
11147,Nate Wolters,50000,2016,2017,DEN,Denver Nuggets
11148,Nemanja Bjelica,3800000,2016,2017,MIN,Minnesota Timberwolves
11149,Nene Hilario,2898000,2016,2017,HOU,Houston Rockets
11150,Nerlens Noel,4384490,2016,2017,DAL,Dallas Mavericks
11151,Nick Collison,3750000,2016,2017,OKC,Oklahoma City Thunder
11152,Nick Johnson,980431,2016,2017,DEN,Denver Nuggets
11153,Nick Young,5443918,2016,2017,LAL,Los Angeles Lakers
11154,Nick Zeisloft,25000,2016,2017,IND,Indiana Pacers
11155,Nicolas Batum,20869566,2016,2017,CHA,Charlotte Hornets
11156,Nicolas Brussino,543471,2016,2017,DAL,Dallas Mavericks
11157,Nicolas Laprovittola,210995,2016,2017,SAS,San Antonio Spurs
11158,Nik Stauskas,2993040,2016,2017,PHI,Philadelphia 76ers
11159,Nikola Jokic,1358500,2016,2017,DEN,Denver Nuggets
11160,Nikola Jovanovic,30000,2016,2017,DET,Detroit Pistons
11161,Nikola Mirotic,5782450,2016,2017,CHI,Chicago Bulls
11162,Nikola Pekovic,12100000,2016,2017,MIN,Minnesota Timberwolves
11163,Nikola Vucevic,11750000,2016,2017,ORL,Orlando Magic
11164,Noah Vonleh,2751360,2016,2017,POR,Portland Trail Blazers
11165,Norman Powell,874636,2016,2017,TOR,Toronto Raptors 
11166,Norris Cole,247991,2016,2017,OKC,Oklahoma City Thunder
11167,Okaro White,374933,2016,2017,MIA,Miami Heat
11168,Omer Asik,9904494,2016,2017,NOH,New Orleans Pelicans
11169,Omri Casspi,3000000,2016,2017,NOH,New Orleans Pelicans
11170,Omri Casspi,138414,2016,2017,MIN,Minnesota Timberwolves
11171,Otto Porter,5893981,2016,2017,WAS,Washington Wizards
11172,P.J. Hairston,11534,2016,2017,HOU,Houston Rockets
11173,P.J. Tucker,5300000,2016,2017,TOR,Toronto Raptors 
11174,Pablo Prigioni,1050961,2016,2017,HOU,Houston Rockets
11175,Pascal Siakam,1196040,2016,2017,TOR,Toronto Raptors 
11176,Pat Connaughton,874636,2016,2017,POR,Portland Trail Blazers
11177,Patricio Garino,100000,2016,2017,SAS,San Antonio Spurs
11178,Patricio Garino,31969,2016,2017,ORL,Orlando Magic
11179,Patrick Beverley,6000000,2016,2017,HOU,Houston Rockets
11180,Patrick McCaw,543471,2016,2017,GSW,Golden State Warriors
11181,Patrick Patterson,6050000,2016,2017,TOR,Toronto Raptors 
11182,Patty Mills,3578948,2016,2017,SAS,San Antonio Spurs
11183,Pau Gasol,15500000,2016,2017,SAS,San Antonio Spurs
11184,Paul George,18314532,2016,2017,IND,Indiana Pacers
11185,Paul Millsap,20072033,2016,2017,ATL,Atlanta Hawks
11186,Paul Pierce,3500000,2016,2017,LAC,Los Angeles Clippers
11187,Paul Zipser,750000,2016,2017,CHI,Chicago Bulls
11188,Phil Pressey,35000,2016,2017,GSW,Golden State Warriors
11189,Pierre Jackson,105498,2016,2017,DAL,Dallas Mavericks
11190,Prince Ibeh,31969,2016,2017,NJN,Brooklyn Nets
11191,Quincy Acy,1914544,2016,2017,NJN,Brooklyn Nets
11192,Quincy Acy,1050961,2016,2017,DAL,Dallas Mavericks
11193,Quincy Ford,75000,2016,2017,UTA,Utah Jazz
11194,Quincy Pondexter,3617978,2016,2017,NOH,New Orleans Pelicans
11195,Quinn Cook,79922,2016,2017,NOH,New Orleans Pelicans
11196,Quinn Cook,31969,2016,2017,DAL,Dallas Mavericks
11197,R.J. Hunter,1200240,2016,2017,BOS,Boston Celtic
11198,R.J. Hunter,425000,2016,2017,CHI,Chicago Bulls
11199,Rajon Rondo,14000000,2016,2017,CHI,Chicago Bulls
11200,Rakeem Christmas,1052342,2016,2017,IND,Indiana Pacers
11201,Ramon Sessions,6000000,2016,2017,CHA,Charlotte Hornets
11202,Randy Foye,2500000,2016,2017,NJN,Brooklyn Nets
11203,Rashad Vaughn,1811040,2016,2017,MIL,Milwaukee Bucks
11204,Raul Neto,937800,2016,2017,UTA,Utah Jazz
11205,Ray McCallum,119494,2016,2017,CHA,Charlotte Hornets
11206,Ray McCallum,11949,2016,2017,DET,Detroit Pistons
11207,Raymond Felton,1551659,2016,2017,LAC,Los Angeles Clippers
11208,Reggie Bullock,2255644,2016,2017,DET,Detroit Pistons
11209,Reggie Jackson,14956522,2016,2017,DET,Detroit Pistons
11210,Reggie Williams,252676,2016,2017,NOH,New Orleans Pelicans
11211,Reggie Williams,50000,2016,2017,OKC,Oklahoma City Thunder
11212,Richard Jefferson,2500000,2016,2017,CLE,Cleveland Caveliers
11213,Richaun Holmes,1025831,2016,2017,PHI,Philadelphia 76ers
11214,Ricky Rubio,13550000,2016,2017,MIN,Minnesota Timberwolves
11215,Robbie Hummel,150000,2016,2017,DEN,Denver Nuggets
11216,Robert Covington,1015696,2016,2017,PHI,Philadelphia 76ers
11217,Robin Lopez,13219250,2016,2017,CHI,Chicago Bulls
11218,Rodney Hood,1406520,2016,2017,UTA,Utah Jazz
11219,Rodney McGruder,543471,2016,2017,MIA,Miami Heat
11220,Rodney Stuckey,7000000,2016,2017,IND,Indiana Pacers
11221,Ron Baker,543471,2016,2017,NYK,New York Knicks
11222,Rondae Hollis-Jefferson,1395600,2016,2017,NJN,Brooklyn Nets
11223,Ronnie Price,2557545,2016,2017,OKC,Oklahoma City Thunder
11224,Ronnie Price,465143,2016,2017,PHO,Phoenix Suns
11225,Roy Hibbert,5000000,2016,2017,DEN,Denver Nuggets
11226,Rudy Gay,13333333,2016,2017,SAC,Sacramento Kings
11227,Rudy Gobert,2121288,2016,2017,UTA,Utah Jazz
11228,Russell Westbrook,26540100,2016,2017,OKC,Oklahoma City Thunder
11229,Ryan Anderson,18735364,2016,2017,HOU,Houston Rockets
11230,Ryan Arcidiacono,75000,2016,2017,SAS,San Antonio Spurs
11231,Ryan Kelly,418228,2016,2017,ATL,Atlanta Hawks
11232,Salah Mejri,874636,2016,2017,DAL,Dallas Mavericks
11233,Sam Dekker,1720560,2016,2017,HOU,Houston Rockets
11234,Sasha Kaun,1333420,2016,2017,PHI,Philadelphia 76ers
11235,Sasha Vujacic,1410598,2016,2017,NYK,New York Knicks
11236,Scott Wood,50000,2016,2017,GSW,Golden State Warriors
11237,Sean Kilpatrick,980431,2016,2017,NJN,Brooklyn Nets
11238,Semaj Christon,543471,2016,2017,OKC,Oklahoma City Thunder
11239,Serge Ibaka,12250000,2016,2017,TOR,Toronto Raptors 
11240,Sergio Rodriguez,8000000,2016,2017,PHI,Philadelphia 76ers
11241,Seth Curry,2898000,2016,2017,DAL,Dallas Mavericks
11242,Shabazz Muhammad,3046299,2016,2017,MIN,Minnesota Timberwolves
11243,Shabazz Napier,1350120,2016,2017,POR,Portland Trail Blazers
11244,Shaun Livingston,5782450,2016,2017,GSW,Golden State Warriors
11245,Shawn Long,96969,2016,2017,PHI,Philadelphia 76ers
11246,Sheldon McClellan,543471,2016,2017,WAS,Washington Wizards
11247,Shelvin Mack,2433334,2016,2017,UTA,Utah Jazz
11248,Skal Labissiere,1188840,2016,2017,SAC,Sacramento Kings
11249,Solomon Hill,11241218,2016,2017,NOH,New Orleans Pelicans
11250,Spencer Dinwiddie,726672,2016,2017,NJN,Brooklyn Nets
11251,Spencer Hawes,6348759,2016,2017,MIL,Milwaukee Bucks
11252,Stanley Johnson,2969880,2016,2017,DET,Detroit Pistons
11253,Stefan Jankovic,100000,2016,2017,MIA,Miami Heat
11254,Stephen Curry,12112359,2016,2017,GSW,Golden State Warriors
11255,Stephen Zimmerman,950000,2016,2017,ORL,Orlando Magic
11256,Steve Novak,1551659,2016,2017,MIL,Milwaukee Bucks
11257,Steven Adams,3140517,2016,2017,OKC,Oklahoma City Thunder
11258,T.J. McConnell,874636,2016,2017,PHI,Philadelphia 76ers
11259,T.J. Warren,2128920,2016,2017,PHO,Phoenix Suns
11260,Taj Gibson,8950000,2016,2017,OKC,Oklahoma City Thunder
11261,Tarik Black,6191000,2016,2017,LAL,Los Angeles Lakers
11262,Taurean Waller-Prince,2318280,2016,2017,ATL,Atlanta Hawks
11263,Terrence Jones,1050961,2016,2017,NOH,New Orleans Pelicans
11264,Terrence Jones,236457,2016,2017,MIL,Milwaukee Bucks
11265,Terrence Ross,10000000,2016,2017,ORL,Orlando Magic
11266,Terry Rozier,1906440,2016,2017,BOS,Boston Celtic
11267,Thabo Sefolosha,3850000,2016,2017,ATL,Atlanta Hawks
11268,Thaddeus Young,14153652,2016,2017,IND,Indiana Pacers
11269,Thomas Robinson,1050961,2016,2017,LAL,Los Angeles Lakers
11270,Thomas Walkup,69500,2016,2017,CHI,Chicago Bulls
11271,Thon Maker,2568600,2016,2017,MIL,Milwaukee Bucks
11272,Tiago Splitter,8550000,2016,2017,PHI,Philadelphia 76ers
11273,Tibor Pleiss,3000000,2016,2017,PHI,Philadelphia 76ers
11274,Tim Duncan,1881250,2016,2017,SAS,San Antonio Spurs
11275,Tim Frazier,2090000,2016,2017,NOH,New Orleans Pelicans
11276,Tim Hardaway,2281605,2016,2017,ATL,Atlanta Hawks
11277,Timofey Mozgov,16000000,2016,2017,LAL,Los Angeles Lakers
11278,Timothe Luwawu-Cabarrot,1326960,2016,2017,PHI,Philadelphia 76ers
11279,Tobias Harris,17200000,2016,2017,DET,Detroit Pistons
11280,Tomas Satoransky,2870813,2016,2017,WAS,Washington Wizards
11281,Toney Douglas,603558,2016,2017,MEM,Memphis Grizzlies
11282,Tony Allen,5505618,2016,2017,MEM,Memphis Grizzlies
11283,Tony Parker,14445313,2016,2017,SAS,San Antonio Spurs
11284,Tony Snell,2368327,2016,2017,MIL,Milwaukee Bucks
11285,Tony Wroten,25000,2016,2017,MEM,Memphis Grizzlies
11286,Treveon Graham,543471,2016,2017,CHA,Charlotte Hornets
11287,Trevor Ariza,7806971,2016,2017,HOU,Houston Rockets
11288,Trevor Booker,9250000,2016,2017,NJN,Brooklyn Nets
11289,Trey Burke,3386598,2016,2017,WAS,Washington Wizards
11290,Trey Lyles,2340600,2016,2017,UTA,Utah Jazz
11291,Tristan Thompson,15330435,2016,2017,CLE,Cleveland Caveliers
11292,Troy Daniels,3332940,2016,2017,MEM,Memphis Grizzlies
11293,Troy Williams,543471,2016,2017,MEM,Memphis Grizzlies
11294,Troy Williams,181969,2016,2017,HOU,Houston Rockets
11295,Ty Lawson,1315448,2016,2017,SAC,Sacramento Kings
11296,Tyler Ennis,1733880,2016,2017,LAL,Los Angeles Lakers
11297,Tyler Johnson,5628000,2016,2017,MIA,Miami Heat
11298,Tyler Ulis,918369,2016,2017,PHO,Phoenix Suns
11299,Tyler Zeller,8000000,2016,2017,BOS,Boston Celtic
11300,Tyreke Evans,10661286,2016,2017,SAC,Sacramento Kings
11301,Tyson Chandler,12415000,2016,2017,PHO,Phoenix Suns
11302,Tyus Jones,1339680,2016,2017,MIN,Minnesota Timberwolves
11303,Udonis Haslem,4000000,2016,2017,MIA,Miami Heat
11304,Victor Oladipo,6552960,2016,2017,OKC,Oklahoma City Thunder
11305,Vince Carter,4264057,2016,2017,MEM,Memphis Grizzlies
11306,Wade Baldwin,1793760,2016,2017,MEM,Memphis Grizzlies
11307,Wayne Ellington,6000000,2016,2017,MIA,Miami Heat
11308,Wayne Ellington,923670,2016,2017,SAC,Sacramento Kings
11309,Wayne Selden,83119,2016,2017,MEM,Memphis Grizzlies
11310,Wayne Selden,31969,2016,2017,NOH,New Orleans Pelicans
11311,Wesley Johnson,5628000,2016,2017,LAC,Los Angeles Clippers
11312,Wesley Matthews,17100000,2016,2017,DAL,Dallas Mavericks
11313,Will Barton,3533333,2016,2017,DEN,Denver Nuggets
11314,Willie Cauley-Stein,3551160,2016,2017,SAC,Sacramento Kings
11315,Willie Reed,1015696,2016,2017,MIA,Miami Heat
11316,Willy Hernangomez,1375000,2016,2017,NYK,New York Knicks
11317,Wilson Chandler,11200000,2016,2017,DEN,Denver Nuggets
11318,Yanick Moreira,50000,2016,2017,TOR,Toronto Raptors 
11319,Yi Jianlian,250000,2016,2017,LAL,Los Angeles Lakers
11320,Yogi Ferrell,239767,2016,2017,DAL,Dallas Mavericks
11321,Yogi Ferrell,202300,2016,2017,NJN,Brooklyn Nets
11322,Zach Auguste,60000,2016,2017,LAL,Los Angeles Lakers
11323,Zach LaVine,2240880,2016,2017,MIN,Minnesota Timberwolves
11324,Zach Randolph,10361445,2016,2017,MEM,Memphis Grizzlies
11325,Zaza Pachulia,2898000,2016,2017,GSW,Golden State Warriors